{"cameraMode":{"drawMode":0,"name":"Shaded","section":"Shading Mode"},"sceneLighting":true,"audioPlay":false,"sceneViewState":{"showFog":false,"showMaterialUpdate":false,"showSkybox":false,"showFlares":false,"showImageEffects":false,"showParticleSystems":true},"in2DMode":false,"pivot":{"x":-32.41744613647461,"y":45.39002227783203,"z":168.46360778808595},"rotation":{"x":-0.0003095537831541151,"y":-0.006902589462697506,"z":0.0000012827701993955998,"w":-0.9999863505363464},"size":335.6043395996094,"orthographic":false}