{"cameraMode":{"drawMode":0,"name":"Shaded","section":"Shading Mode"},"sceneLighting":true,"audioPlay":false,"sceneViewState":{"showFog":false,"showMaterialUpdate":false,"showSkybox":false,"showFlares":false,"showImageEffects":false,"showParticleSystems":true},"in2DMode":false,"pivot":{"x":-32.24882507324219,"y":34.053314208984378,"z":37.24201202392578},"rotation":{"x":-0.2670375108718872,"y":-0.0008800431387498975,"z":0.00020425257389433682,"w":-0.9637168645858765},"size":143.36082458496095,"orthographic":false}