{"cameraMode":{"drawMode":0,"name":"Shaded","section":"Shading Mode"},"sceneLighting":true,"audioPlay":false,"sceneViewState":{"showFog":false,"showMaterialUpdate":false,"showSkybox":false,"showFlares":false,"showImageEffects":false,"showParticleSystems":true},"in2DMode":false,"pivot":{"x":-38.304046630859378,"y":1.38421630859375,"z":36.867279052734378},"rotation":{"x":-0.12906406819820405,"y":-0.43659791350364687,"z":0.0634404718875885,"w":-0.8881187438964844},"size":189.1049041748047,"orthographic":false}