{"cameraMode":{"drawMode":0,"name":"Shaded","section":"Shading Mode"},"sceneLighting":true,"audioPlay":false,"sceneViewState":{"showFog":false,"showMaterialUpdate":false,"showSkybox":false,"showFlares":false,"showImageEffects":false,"showParticleSystems":true},"in2DMode":false,"pivot":{"x":-15.318981170654297,"y":40.3560676574707,"z":167.7503204345703},"rotation":{"x":-0.007805482484400272,"y":-0.032396260648965839,"z":0.00025215939967893064,"w":-0.999454915523529},"size":335.6043395996094,"orthographic":false}