{"cameraMode":{"drawMode":0,"name":"Shaded","section":"Shading Mode"},"sceneLighting":true,"audioPlay":false,"sceneViewState":{"showFog":true,"showMaterialUpdate":true,"showSkybox":true,"showFlares":true,"showImageEffects":true,"showParticleSystems":true},"in2DMode":false,"pivot":{"x":301.50347900390627,"y":65.28736114501953,"z":45.99853515625},"rotation":{"x":-0.06722654402256012,"y":-0.28655651211738589,"z":-0.020014194771647455,"w":0.9556246399879456},"size":38.297080993652347,"orthographic":false}