{"cameraMode":{"drawMode":0,"name":"Shaded","section":"Shading Mode"},"sceneLighting":true,"audioPlay":false,"sceneViewState":{"showFog":true,"showMaterialUpdate":true,"showSkybox":true,"showFlares":true,"showImageEffects":true,"showParticleSystems":true},"in2DMode":false,"pivot":{"x":210.02410888671876,"y":170.5508270263672,"z":-361.5068359375},"rotation":{"x":-0.005683278664946556,"y":0.028179099783301355,"z":0.0003783729625865817,"w":0.9997090697288513},"size":53.16812515258789,"orthographic":false}