{"cameraMode":{"drawMode":0,"name":"Shaded","section":"Shading Mode"},"sceneLighting":true,"audioPlay":false,"sceneViewState":{"showFog":true,"showMaterialUpdate":true,"showSkybox":true,"showFlares":true,"showImageEffects":true,"showParticleSystems":true},"in2DMode":false,"pivot":{"x":-5.208409786224365,"y":4.121207237243652,"z":-173.13934326171876},"rotation":{"x":-0.014693421311676503,"y":-0.015323440544307232,"z":-0.000019970118955825455,"w":0.9998964071273804},"size":1.1528363227844239,"orthographic":false}