{"cameraMode":{"drawMode":0,"name":"Shaded","section":"Shading Mode"},"sceneLighting":true,"audioPlay":false,"sceneViewState":{"showFog":true,"showMaterialUpdate":true,"showSkybox":true,"showFlares":true,"showImageEffects":true,"showParticleSystems":true},"in2DMode":false,"pivot":{"x":0.13457560539245606,"y":13.293828964233399,"z":20.90999984741211},"rotation":{"x":-0.13547012209892274,"y":0.6295700669288635,"z":-0.11298540979623795,"w":-0.756809413433075},"size":11.150546073913575,"orthographic":false}