{"cameraMode":{"drawMode":0,"name":"Shaded","section":"Shading Mode"},"sceneLighting":true,"audioPlay":false,"sceneViewState":{"showFog":true,"showMaterialUpdate":true,"showSkybox":true,"showFlares":true,"showImageEffects":true,"showParticleSystems":true},"in2DMode":false,"pivot":{"x":-6.529026508331299,"y":8.028007507324219,"z":-188.7376251220703},"rotation":{"x":0.08122877031564713,"y":0.007167315576225519,"z":-0.0004278775304555893,"w":0.9967977404594421},"size":10.0,"orthographic":false}