{"cameraMode":{"drawMode":0,"name":"Shaded","section":"Shading Mode"},"sceneLighting":true,"audioPlay":false,"sceneViewState":{"showFog":true,"showMaterialUpdate":true,"showSkybox":true,"showFlares":true,"showImageEffects":true,"showParticleSystems":true},"in2DMode":false,"pivot":{"x":14.968502044677735,"y":8.093067169189454,"z":-183.90206909179688},"rotation":{"x":0.09001528471708298,"y":-0.06152445450425148,"z":0.00573929725214839,"w":0.9941525459289551},"size":10.0,"orthographic":false}