{"cameraMode":{"drawMode":0,"name":"Shaded","section":"Shading Mode"},"sceneLighting":true,"audioPlay":false,"sceneViewState":{"showFog":false,"showMaterialUpdate":false,"showSkybox":false,"showFlares":false,"showImageEffects":false,"showParticleSystems":true},"in2DMode":false,"pivot":{"x":72.23102569580078,"y":590.0658569335938,"z":-62.274410247802737},"rotation":{"x":-0.07816514372825623,"y":-0.04126579686999321,"z":0.0032249765936285259,"w":-0.9961075186729431},"size":65.99095153808594,"orthographic":false}