{"cameraMode":{"drawMode":0,"name":"Shaded","section":"Shading Mode"},"sceneLighting":true,"audioPlay":false,"sceneViewState":{"showFog":true,"showMaterialUpdate":true,"showSkybox":true,"showFlares":true,"showImageEffects":true,"showParticleSystems":true},"in2DMode":false,"pivot":{"x":198.58084106445313,"y":157.81008911132813,"z":-362.0986022949219},"rotation":{"x":0.05426524206995964,"y":-0.025769421830773355,"z":0.0016182122053578497,"w":0.9983159899711609},"size":53.16812515258789,"orthographic":false}