{"cameraMode":{"drawMode":0,"name":"Shaded","section":"Shading Mode"},"sceneLighting":true,"audioPlay":false,"sceneViewState":{"showFog":true,"showMaterialUpdate":true,"showSkybox":true,"showFlares":true,"showImageEffects":true,"showParticleSystems":true},"in2DMode":false,"pivot":{"x":127.05865478515625,"y":177.4774932861328,"z":-44.684844970703128},"rotation":{"x":-0.025065788999199868,"y":0.09103050082921982,"z":0.002523101167753339,"w":0.9956539869308472},"size":423.2914733886719,"orthographic":false}