{"cameraMode":{"drawMode":0,"name":"Shaded","section":"Shading Mode"},"sceneLighting":true,"audioPlay":false,"sceneViewState":{"showFog":false,"showMaterialUpdate":false,"showSkybox":false,"showFlares":false,"showImageEffects":false,"showParticleSystems":true},"in2DMode":false,"pivot":{"x":26.23039436340332,"y":-22.411346435546876,"z":164.86941528320313},"rotation":{"x":-0.14973391592502595,"y":0.012455074116587639,"z":-0.0018872383516281844,"w":-0.9886569976806641},"size":469.9495849609375,"orthographic":false}