{"cameraMode":{"drawMode":0,"name":"Shaded","section":"Shading Mode"},"sceneLighting":true,"audioPlay":false,"sceneViewState":{"showFog":true,"showMaterialUpdate":true,"showSkybox":true,"showFlares":true,"showImageEffects":true,"showParticleSystems":true},"in2DMode":false,"pivot":{"x":273.1772766113281,"y":492.2322692871094,"z":-0.42425537109375},"rotation":{"x":-0.09318353980779648,"y":0.0023911157622933389,"z":-0.0003864652826450765,"w":-0.9957590699195862},"size":747.185546875,"orthographic":false}