{"cameraMode":{"drawMode":0,"name":"Shaded","section":"Shading Mode"},"sceneLighting":true,"audioPlay":false,"sceneViewState":{"showFog":true,"showMaterialUpdate":true,"showSkybox":true,"showFlares":true,"showImageEffects":true,"showParticleSystems":true},"in2DMode":false,"pivot":{"x":231.09205627441407,"y":165.76522827148438,"z":-364.8927001953125},"rotation":{"x":0.016698230057954789,"y":0.12832748889923097,"z":-0.0019485204247757793,"w":0.9917142391204834},"size":53.16812515258789,"orthographic":false}