{"cameraMode":{"drawMode":0,"name":"Shaded","section":"Shading Mode"},"sceneLighting":true,"audioPlay":false,"sceneViewState":{"showFog":true,"showMaterialUpdate":true,"showSkybox":true,"showFlares":true,"showImageEffects":true,"showParticleSystems":true},"in2DMode":false,"pivot":{"x":149.02552795410157,"y":117.40145111083985,"z":5.1517333984375},"rotation":{"x":0.11932472884654999,"y":0.10969375818967819,"z":-0.013042016886174679,"w":0.9868276715278626},"size":146.8035125732422,"orthographic":false}