{"cameraMode":{"drawMode":0,"name":"Shaded","section":"Shading Mode"},"sceneLighting":true,"audioPlay":false,"sceneViewState":{"showFog":true,"showMaterialUpdate":true,"showSkybox":true,"showFlares":true,"showImageEffects":true,"showParticleSystems":true},"in2DMode":false,"pivot":{"x":184.72494506835938,"y":830.5346069335938,"z":46.280364990234378},"rotation":{"x":-0.0183094572275877,"y":0.00241283280774951,"z":-0.00023285287898033857,"w":-0.9999420046806336},"size":427.8614807128906,"orthographic":false}