{"cameraMode":{"drawMode":0,"name":"Shaded","section":"Shading Mode"},"sceneLighting":true,"audioPlay":false,"sceneViewState":{"showFog":true,"showMaterialUpdate":true,"showSkybox":true,"showFlares":true,"showImageEffects":true,"showParticleSystems":true},"in2DMode":false,"pivot":{"x":241.34078979492188,"y":55.28977966308594,"z":-167.5991973876953},"rotation":{"x":0.01883019506931305,"y":-0.462015837430954,"z":0.009978044778108597,"w":0.8867589235305786},"size":38.297080993652347,"orthographic":false}